{"stat.beaconInteraction":3,"stat.useItem.minecraft.bow":22,"stat.useItem.minecraft.painting":26,"stat.pickup.minecraft.wooden_slab":3,"stat.pigOneCm":234496,"stat.leaveGame":7,"stat.pickup.minecraft.record_stal":1,"stat.useItem.minecraft.bookshelf":4,"stat.drop.minecraft.redstone":6,"stat.mineBlock.minecraft.stained_glass":1,"stat.killEntity.PigZombie":4,"stat.pickup.minecraft.fishing_rod":3,"stat.useItem.minecraft.planks":767,"stat.pickup.minecraft.golden_boots":1,"stat.pickup.minecraft.porkchop":8,"stat.useItem.minecraft.water_bucket":24,"stat.pickup.minecraft.rotten_flesh":267,"stat.pickup.minecraft.sand":123,"stat.useItem.minecraft.golden_sword":169,"stat.entityKilledBy.Spider":1,"stat.useItem.minecraft.birch_boat":1,"stat.useItem.minecraft.rail":74,"stat.useItem.minecraft.record_cat":4,"stat.pickup.minecraft.record_ward":1,"stat.useItem.minecraft.anvil":1,"stat.useItem.minecraft.ender_pearl":44,"stat.pickup.minecraft.chainmail_chestplate":6,"stat.useItem.minecraft.record_strad":1,"stat.mineBlock.minecraft.sand":10,"stat.drop.minecraft.sand":6,"stat.killEntity.Villager":53,"stat.drop.minecraft.diamond":11,"stat.useItem.minecraft.spawn_egg":445,"stat.drop.minecraft.diamond_chestplate":1,"stat.pickup.minecraft.record_far":1,"stat.furnaceInteraction":1,"stat.killEntity.ZombieVillager":7,"stat.useItem.minecraft.dark_oak_stairs":1,"stat.pickup.minecraft.wooden_button":1,"stat.drop.minecraft.red_flower":42,"stat.pickup.minecraft.beef":2,"stat.useItem.minecraft.redstone":23,"stat.pickup.minecraft.totem_of_undying":3,"stat.drop.minecraft.diamond_helmet":1,"stat.useItem.minecraft.trapdoor":3,"stat.useItem.minecraft.stained_glass":7,"stat.drop.minecraft.fishing_rod":1,"stat.drop.minecraft.lead":2,"stat.useItem.minecraft.dark_oak_door":5,"stat.useItem.minecraft.flint_and_steel":79,"stat.useItem.minecraft.wooden_button":2,"stat.drop.minecraft.cooked_fish":16,"stat.killEntity.Husk":11,"stat.pickup.minecraft.emerald":4,"stat.useItem.minecraft.dye":16,"stat.pickup.minecraft.lever":2,"stat.deaths":13,"stat.pickup.minecraft.egg":3,"stat.playOneMinute":677274,"stat.drop.minecraft.glass_bottle":1,"stat.useItem.minecraft.jukebox":4,"stat.mineBlock.minecraft.tallgrass":88,"stat.chestOpened":3,"stat.useItem.minecraft.splash_potion":110,"stat.pickup.minecraft.pumpkin":60,"stat.recordPlayed":27,"stat.useItem.minecraft.stone":227,"stat.pickup.minecraft.arrow":9,"stat.useItem.minecraft.sponge":2,"stat.killEntity.Vex":3,"stat.pickup.minecraft.gold_nugget":94,"stat.entityKilledBy.Vex":1,"stat.fallOneCm":82562,"stat.drop.minecraft.stone":1,"stat.drop.minecraft.dye":15,"stat.pickup.minecraft.carrot":28,"stat.crouchOneCm":21573,"stat.pickup.minecraft.rail":7,"stat.craftItem.minecraft.chest":1,"stat.pickup.minecraft.golden_leggings":1,"stat.craftingTableInteraction":2,"stat.drop.minecraft.milk_bucket":1,"stat.pickup.minecraft.milk_bucket":1,"stat.useItem.minecraft.golden_rail":17,"stat.drop.minecraft.double_plant":60,"stat.pickup.minecraft.feather":7,"stat.pickup.minecraft.record_cat":4,"stat.useItem.minecraft.furnace":1,"stat.pickup.minecraft.dye":83,"stat.pickup.minecraft.planks":9,"stat.pickup.minecraft.wheat_seeds":26,"stat.pickup.minecraft.lead":1,"stat.useItem.minecraft.record_chirp":2,"stat.useItem.minecraft.enchanting_table":1,"stat.useItem.minecraft.wool":2,"stat.useItem.minecraft.record_13":1,"stat.mineBlock.minecraft.dirt":58,"stat.pickup.minecraft.chainmail_boots":6,"stat.pickup.minecraft.poisonous_potato":2,"stat.flowerPotted":18,"stat.useItem.minecraft.iron_bars":18,"stat.pickup.minecraft.record_13":1,"stat.pickup.minecraft.flint_and_steel":1,"stat.drop.minecraft.record_11":1,"stat.pickup.minecraft.record_11":1,"stat.useItem.minecraft.torch":87,"stat.useItem.minecraft.record_11":1,"stat.drop.minecraft.rotten_flesh":6,"stat.useItem.minecraft.log":24,"stat.craftItem.minecraft.crafting_table":1,"stat.mineBlock.minecraft.double_plant":8,"stat.useItem.minecraft.record_far":1,"stat.craftItem.minecraft.boat":1,"stat.minecartOneCm":24808,"stat.pickup.minecraft.redstone_block":1,"stat.pickup.minecraft.log":5,"stat.drop.minecraft.chicken":1,"stat.pickup.minecraft.chicken":5,"stat.pickup.minecraft.chainmail_leggings":6,"stat.drop.minecraft.gold_nugget":1,"stat.pickup.minecraft.sapling":2,"stat.useItem.minecraft.tallgrass":7,"stat.useItem.minecraft.birch_door":2,"stat.pickup.minecraft.beetroot":13,"stat.craftItem.minecraft.planks":20,"stat.useItem.minecraft.acacia_boat":1,"stat.pickup.minecraft.diamond_helmet":5,"stat.mineBlock.minecraft.log":5,"stat.pickup.minecraft.golden_sword":1,"stat.useItem.minecraft.monster_egg":10,"stat.useItem.minecraft.spruce_door":1,"stat.pickup.minecraft.red_flower":15,"stat.useItem.minecraft.beetroot_seeds":3,"stat.sneakTime":20102,"stat.pickup.minecraft.wool":6,"stat.pickup.minecraft.rabbit":1,"stat.useItem.minecraft.baked_potato":2,"stat.pickup.minecraft.cooked_fish":64,"stat.mineBlock.minecraft.jukebox":2,"stat.drop.minecraft.grass":2,"stat.pickup.minecraft.golden_rail":9,"stat.useItem.minecraft.record_blocks":12,"stat.useItem.minecraft.fishing_rod":832,"stat.useItem.minecraft.beetroot":1,"stat.drop.minecraft.totem_of_undying":1,"stat.pickup.minecraft.bone":10,"stat.useItem.minecraft.record_ward":1,"stat.pickup.minecraft.redstone_torch":7,"stat.drop.minecraft.beetroot":1,"stat.pickup.minecraft.record_blocks":13,"stat.useItem.minecraft.beacon":4,"stat.useItem.minecraft.skull":1,"stat.drop.minecraft.record_blocks":3,"stat.useItem.minecraft.diamond_sword":109,"stat.pickup.minecraft.flower_pot":3,"stat.swimOneCm":39333,"stat.climbOneCm":4680,"stat.useItem.minecraft.dirt":452,"stat.pickup.minecraft.golden_helmet":2,"stat.useItem.minecraft.stone_slab2":741,"stat.pickup.minecraft.bow":1,"stat.useItem.minecraft.jungle_boat":1,"stat.pickup.minecraft.golden_axe":1,"stat.useItem.minecraft.egg":11,"stat.pickup.minecraft.anvil":1,"stat.useItem.minecraft.detector_rail":4,"stat.drop.minecraft.ender_pearl":4,"stat.pickup.minecraft.record_chirp":1,"stat.pickup.minecraft.diamond_leggings":4,"stat.flyOneCm":1189627,"stat.pickup.minecraft.sandstone":13,"stat.pickup.minecraft.glass_bottle":2,"stat.drop.minecraft.wheat_seeds":6,"stat.useItem.minecraft.cooked_beef":6,"stat.pickup.minecraft.cactus":16,"stat.pickup.minecraft.redstone":1,"stat.timeSinceDeath":59137,"stat.useItem.minecraft.wooden_slab":105,"stat.pickup.minecraft.mutton":7,"stat.useItem.minecraft.totem_of_undying":1,"stat.useItem.minecraft.lever":16,"stat.useItem.minecraft.potato":1,"stat.pickup.minecraft.chainmail_helmet":5,"stat.pickup.minecraft.dark_oak_door":2,"stat.drop.minecraft.dirt":3,"stat.pickup.minecraft.carpet":2,"stat.drop.minecraft.beetroot_seeds":2,"stat.killEntity.Creeper":3,"stat.pickup.minecraft.shield":2,"stat.talkedToVillager":41,"stat.drop.minecraft.spawn_egg":1,"stat.pickup.minecraft.string":12,"stat.useItem.minecraft.sea_lantern":4,"stat.entityKilledBy.Skeleton":3,"stat.useItem.minecraft.golden_axe":3,"stat.pickup.minecraft.sandstone_stairs":2,"stat.sprintOneCm":253357,"stat.drop.minecraft.potion":1,"stat.drop.minecraft.carrot_on_a_stick":1,"stat.useItem.minecraft.snowball":135,"stat.pickup.minecraft.grass":1,"stat.useItem.minecraft.stone_pressure_plate":1,"stat.killEntity.Endermite":1,"stat.pickup.minecraft.diamond_chestplate":3,"stat.pickup.minecraft.spawn_egg":126,"stat.drop":242,"stat.pickup.minecraft.stone_button":1,"stat.pickup.minecraft.jukebox":2,"stat.pickup.minecraft.slime_ball":9,"stat.pickup.minecraft.golden_chestplate":1,"stat.pickup.minecraft.iron_block":58,"stat.killEntity.Zombie":24,"stat.craftItem.minecraft.dye":3,"stat.diveOneCm":55464,"stat.pickup.minecraft.record_strad":1,"stat.useItem.minecraft.sticky_piston":3,"stat.useItem.minecraft.record_wait":1,"stat.pickup.minecraft.sign":1,"stat.killEntity.EvocationIllager":2,"stat.drop.minecraft.cooked_beef":15,"stat.useItem.minecraft.glass_bottle":5,"stat.killEntity.Slime":11,"stat.useItem.minecraft.chicken":2,"stat.useItem.minecraft.porkchop":2,"stat.useItem.minecraft.carpet":10,"stat.useItem.minecraft.potion":6,"stat.useItem.minecraft.stained_glass_pane":4,"stat.useItem.minecraft.rotten_flesh":6,"stat.pickup.minecraft.diamond_sword":6,"stat.useItem.minecraft.flower_pot":1,"stat.useItem.minecraft.bedrock":10,"stat.jump":3134,"stat.useItem.minecraft.sand":200,"stat.pickup.minecraft.iron_ingot":9,"stat.useItem.minecraft.dark_oak_boat":1,"stat.useItem.minecraft.piston":1,"stat.drop.minecraft.diamond_sword":1,"stat.pickup.minecraft.gunpowder":2,"stat.pickup.minecraft.dirt":260,"stat.useItem.minecraft.stone_button":11,"stat.useItem.minecraft.glass":55,"stat.useItem.minecraft.dispenser":2,"stat.boatOneCm":29340,"stat.useItem.minecraft.sapling":6,"stat.damageTaken":4097,"stat.pickup.minecraft.leather":2,"stat.mineBlock.minecraft.red_flower":3,"stat.dispenserInspected":48,"stat.useItem.minecraft.carrot_on_a_stick":206,"stat.useItem.minecraft.slime":22,"stat.pickup.minecraft.bed":2,"stat.useItem.minecraft.birch_fence":32,"stat.killEntity.Shulker":1,"stat.pickup.minecraft.potato":43,"stat.pickup.minecraft.rabbit_hide":1,"stat.entityKilledBy.Zombie":1,"stat.damageDealt":15657,"stat.sleepInBed":12,"stat.useItem.minecraft.crafting_table":2,"stat.killEntity.Pig":1,"stat.pickup.minecraft.record_wait":1,"stat.pickup.minecraft.boat":1,"stat.walkOneCm":1143503,"stat.animalsBred":1,"stat.playerKills":1,"stat.useItem.minecraft.chest":2,"stat.pickup.minecraft.stick":3,"stat.useItem.minecraft.pumpkin":45,"stat.pickup.minecraft.spectral_arrow":4,"stat.useItem.minecraft.tnt":24,"stat.useItem.minecraft.spruce_boat":1,"stat.useItem.minecraft.redstone_block":2,"stat.useItem.minecraft.spruce_stairs":102,"stat.pickup.minecraft.stone":9,"stat.drop.minecraft.slime":5,"stat.drop.minecraft.emerald":10,"stat.pickup.minecraft.ender_pearl":1,"stat.useItem.minecraft.leaves":24,"stat.useItem.minecraft.redstone_ore":22,"stat.useItem.minecraft.record_mall":2,"stat.pickup.minecraft.cooked_beef":3,"stat.pickup.minecraft.gold_ingot":1,"stat.killEntity.Skeleton":2,"stat.pickup.minecraft.record_mall":2,"stat.drop.minecraft.lever":1,"stat.killEntity.Chicken":3,"stat.drop.minecraft.cookie":11,"stat.useItem.minecraft.iron_block":70,"stat.killEntity.Spider":1,"stat.mobKills":136,"stat.drop.minecraft.diamond_boots":1,"stat.pickup.minecraft.diamond_boots":3,"stat.entityKilledBy.Husk":1,"stat.useItem.minecraft.golden_apple":1,"stat.useItem.minecraft.boat":3,"stat.pickup.minecraft.diamond":1,"stat.pickup.minecraft.beetroot_seeds":32,"stat.pickup.minecraft.torch":11,"stat.pickup.minecraft.spruce_stairs":9,"stat.useItem.minecraft.record_stal":1}