{"stat.beaconInteraction":3,"stat.useItem.minecraft.bow":18,"stat.useItem.minecraft.painting":26,"stat.pigOneCm":234496,"stat.leaveGame":6,"stat.pickup.minecraft.record_stal":1,"stat.useItem.minecraft.bookshelf":4,"stat.mineBlock.minecraft.stained_glass":1,"stat.pickup.minecraft.fishing_rod":3,"stat.useItem.minecraft.planks":241,"stat.pickup.minecraft.golden_boots":1,"stat.pickup.minecraft.porkchop":8,"stat.useItem.minecraft.water_bucket":24,"stat.pickup.minecraft.rotten_flesh":240,"stat.pickup.minecraft.sand":80,"stat.useItem.minecraft.golden_sword":67,"stat.useItem.minecraft.birch_boat":1,"stat.useItem.minecraft.rail":67,"stat.useItem.minecraft.anvil":1,"stat.pickup.minecraft.chainmail_chestplate":6,"stat.mineBlock.minecraft.sand":2,"stat.killEntity.Villager":50,"stat.drop.minecraft.diamond":1,"stat.useItem.minecraft.spawn_egg":401,"stat.drop.minecraft.diamond_chestplate":1,"stat.pickup.minecraft.record_far":1,"stat.furnaceInteraction":1,"stat.killEntity.ZombieVillager":7,"stat.drop.minecraft.red_flower":20,"stat.useItem.minecraft.redstone":18,"stat.pickup.minecraft.totem_of_undying":3,"stat.drop.minecraft.diamond_helmet":1,"stat.useItem.minecraft.trapdoor":3,"stat.useItem.minecraft.stained_glass":7,"stat.drop.minecraft.fishing_rod":1,"stat.useItem.minecraft.dark_oak_door":3,"stat.useItem.minecraft.flint_and_steel":78,"stat.useItem.minecraft.wooden_button":2,"stat.killEntity.Husk":5,"stat.pickup.minecraft.emerald":4,"stat.useItem.minecraft.dye":1,"stat.pickup.minecraft.lever":2,"stat.deaths":10,"stat.pickup.minecraft.egg":3,"stat.playOneMinute":460386,"stat.useItem.minecraft.jukebox":2,"stat.mineBlock.minecraft.tallgrass":87,"stat.chestOpened":3,"stat.useItem.minecraft.splash_potion":63,"stat.pickup.minecraft.pumpkin":60,"stat.recordPlayed":11,"stat.useItem.minecraft.stone":144,"stat.pickup.minecraft.arrow":9,"stat.useItem.minecraft.sponge":2,"stat.killEntity.Vex":3,"stat.pickup.minecraft.gold_nugget":88,"stat.entityKilledBy.Vex":1,"stat.fallOneCm":38273,"stat.drop.minecraft.stone":1,"stat.drop.minecraft.dye":7,"stat.crouchOneCm":7952,"stat.pickup.minecraft.rail":7,"stat.craftItem.minecraft.chest":1,"stat.pickup.minecraft.golden_leggings":1,"stat.craftingTableInteraction":2,"stat.drop.minecraft.milk_bucket":1,"stat.pickup.minecraft.milk_bucket":1,"stat.useItem.minecraft.golden_rail":17,"stat.drop.minecraft.double_plant":20,"stat.pickup.minecraft.feather":3,"stat.useItem.minecraft.furnace":1,"stat.pickup.minecraft.dye":68,"stat.pickup.minecraft.planks":1,"stat.pickup.minecraft.wheat_seeds":26,"stat.useItem.minecraft.enchanting_table":1,"stat.useItem.minecraft.wool":2,"stat.mineBlock.minecraft.dirt":50,"stat.pickup.minecraft.chainmail_boots":6,"stat.pickup.minecraft.poisonous_potato":1,"stat.flowerPotted":2,"stat.pickup.minecraft.flint_and_steel":1,"stat.useItem.minecraft.torch":79,"stat.drop.minecraft.rotten_flesh":6,"stat.craftItem.minecraft.crafting_table":1,"stat.mineBlock.minecraft.double_plant":7,"stat.useItem.minecraft.record_far":1,"stat.craftItem.minecraft.boat":1,"stat.minecartOneCm":23693,"stat.pickup.minecraft.redstone_block":1,"stat.pickup.minecraft.log":5,"stat.drop.minecraft.chicken":1,"stat.pickup.minecraft.chicken":5,"stat.pickup.minecraft.chainmail_leggings":6,"stat.pickup.minecraft.sapling":1,"stat.useItem.minecraft.birch_door":2,"stat.craftItem.minecraft.planks":20,"stat.useItem.minecraft.acacia_boat":1,"stat.pickup.minecraft.diamond_helmet":5,"stat.mineBlock.minecraft.log":5,"stat.pickup.minecraft.red_flower":8,"stat.sneakTime":12219,"stat.pickup.minecraft.wool":6,"stat.pickup.minecraft.rabbit":1,"stat.mineBlock.minecraft.jukebox":2,"stat.drop.minecraft.grass":2,"stat.pickup.minecraft.golden_rail":9,"stat.useItem.minecraft.record_blocks":8,"stat.useItem.minecraft.fishing_rod":681,"stat.drop.minecraft.totem_of_undying":1,"stat.pickup.minecraft.bone":10,"stat.pickup.minecraft.redstone_torch":3,"stat.pickup.minecraft.record_blocks":10,"stat.useItem.minecraft.beacon":4,"stat.useItem.minecraft.skull":1,"stat.drop.minecraft.record_blocks":3,"stat.useItem.minecraft.diamond_sword":81,"stat.pickup.minecraft.flower_pot":2,"stat.swimOneCm":32379,"stat.climbOneCm":3204,"stat.useItem.minecraft.dirt":437,"stat.pickup.minecraft.golden_helmet":2,"stat.useItem.minecraft.stone_slab2":533,"stat.pickup.minecraft.bow":1,"stat.useItem.minecraft.jungle_boat":1,"stat.pickup.minecraft.golden_axe":1,"stat.useItem.minecraft.egg":11,"stat.pickup.minecraft.anvil":1,"stat.useItem.minecraft.detector_rail":4,"stat.pickup.minecraft.diamond_leggings":4,"stat.flyOneCm":987219,"stat.pickup.minecraft.sandstone":13,"stat.drop.minecraft.wheat_seeds":6,"stat.pickup.minecraft.cactus":16,"stat.pickup.minecraft.redstone":1,"stat.timeSinceDeath":72637,"stat.pickup.minecraft.mutton":7,"stat.useItem.minecraft.totem_of_undying":1,"stat.useItem.minecraft.lever":11,"stat.pickup.minecraft.chainmail_helmet":5,"stat.drop.minecraft.dirt":3,"stat.killEntity.Creeper":2,"stat.pickup.minecraft.shield":2,"stat.talkedToVillager":33,"stat.drop.minecraft.spawn_egg":1,"stat.pickup.minecraft.string":10,"stat.entityKilledBy.Skeleton":3,"stat.useItem.minecraft.golden_axe":3,"stat.pickup.minecraft.sandstone_stairs":2,"stat.sprintOneCm":194859,"stat.drop.minecraft.carrot_on_a_stick":1,"stat.pickup.minecraft.grass":1,"stat.useItem.minecraft.stone_pressure_plate":1,"stat.pickup.minecraft.diamond_chestplate":3,"stat.pickup.minecraft.spawn_egg":125,"stat.drop":81,"stat.pickup.minecraft.stone_button":1,"stat.pickup.minecraft.jukebox":2,"stat.pickup.minecraft.golden_chestplate":1,"stat.pickup.minecraft.iron_block":58,"stat.killEntity.Zombie":12,"stat.craftItem.minecraft.dye":3,"stat.diveOneCm":34454,"stat.useItem.minecraft.sticky_piston":3,"stat.pickup.minecraft.sign":1,"stat.killEntity.EvocationIllager":2,"stat.useItem.minecraft.chicken":2,"stat.useItem.minecraft.porkchop":2,"stat.useItem.minecraft.carpet":4,"stat.useItem.minecraft.stained_glass_pane":4,"stat.useItem.minecraft.rotten_flesh":2,"stat.pickup.minecraft.diamond_sword":6,"stat.useItem.minecraft.flower_pot":1,"stat.useItem.minecraft.bedrock":10,"stat.jump":2249,"stat.useItem.minecraft.sand":186,"stat.pickup.minecraft.iron_ingot":6,"stat.useItem.minecraft.dark_oak_boat":1,"stat.useItem.minecraft.piston":1,"stat.drop.minecraft.diamond_sword":1,"stat.pickup.minecraft.gunpowder":2,"stat.pickup.minecraft.dirt":238,"stat.useItem.minecraft.stone_button":11,"stat.useItem.minecraft.glass":40,"stat.useItem.minecraft.dispenser":2,"stat.boatOneCm":29340,"stat.useItem.minecraft.sapling":3,"stat.damageTaken":2492,"stat.mineBlock.minecraft.red_flower":3,"stat.dispenserInspected":38,"stat.useItem.minecraft.carrot_on_a_stick":206,"stat.useItem.minecraft.slime":19,"stat.useItem.minecraft.birch_fence":6,"stat.killEntity.Shulker":1,"stat.pickup.minecraft.rabbit_hide":1,"stat.damageDealt":9790,"stat.useItem.minecraft.crafting_table":2,"stat.killEntity.Pig":1,"stat.pickup.minecraft.boat":1,"stat.walkOneCm":766983,"stat.playerKills":1,"stat.useItem.minecraft.chest":2,"stat.pickup.minecraft.stick":3,"stat.useItem.minecraft.pumpkin":43,"stat.pickup.minecraft.spectral_arrow":4,"stat.useItem.minecraft.spruce_boat":1,"stat.useItem.minecraft.redstone_block":2,"stat.useItem.minecraft.spruce_stairs":102,"stat.pickup.minecraft.stone":1,"stat.drop.minecraft.emerald":1,"stat.useItem.minecraft.leaves":4,"stat.useItem.minecraft.redstone_ore":6,"stat.useItem.minecraft.record_mall":1,"stat.killEntity.Skeleton":1,"stat.pickup.minecraft.record_mall":1,"stat.drop.minecraft.lever":1,"stat.killEntity.Chicken":3,"stat.useItem.minecraft.iron_block":62,"stat.mobKills":94,"stat.drop.minecraft.diamond_boots":1,"stat.pickup.minecraft.diamond_boots":3,"stat.entityKilledBy.Husk":1,"stat.useItem.minecraft.boat":3,"stat.pickup.minecraft.diamond":1,"stat.pickup.minecraft.beetroot_seeds":6,"stat.pickup.minecraft.torch":9,"stat.pickup.minecraft.spruce_stairs":9,"stat.useItem.minecraft.record_stal":1}