{"stat.useItem.minecraft.splash_potion":63,"stat.pickup.minecraft.bone":6,"stat.pickup.minecraft.sign":1,"stat.pickup.minecraft.redstone_torch":3,"stat.useItem.minecraft.stone":105,"stat.leaveGame":2,"stat.pickup.minecraft.arrow":7,"stat.killEntity.EvocationIllager":1,"stat.useItem.minecraft.chicken":2,"stat.killEntity.Vex":3,"stat.pickup.minecraft.gold_nugget":65,"stat.entityKilledBy.Vex":1,"stat.useItem.minecraft.diamond_sword":30,"stat.useItem.minecraft.rotten_flesh":2,"stat.pickup.minecraft.diamond_sword":3,"stat.mineBlock.minecraft.stained_glass":1,"stat.pickup.minecraft.fishing_rod":1,"stat.jump":1083,"stat.swimOneCm":15922,"stat.fallOneCm":25938,"stat.climbOneCm":1712,"stat.useItem.minecraft.planks":6,"stat.useItem.minecraft.dark_oak_boat":1,"stat.pickup.minecraft.golden_boots":1,"stat.pickup.minecraft.porkchop":6,"stat.crouchOneCm":1802,"stat.pickup.minecraft.dirt":238,"stat.useItem.minecraft.dirt":89,"stat.pickup.minecraft.golden_helmet":2,"stat.useItem.minecraft.stone_button":3,"stat.useItem.minecraft.stone_slab2":291,"stat.pickup.minecraft.golden_leggings":1,"stat.pickup.minecraft.rotten_flesh":149,"stat.useItem.minecraft.jungle_boat":1,"stat.drop.minecraft.milk_bucket":1,"stat.useItem.minecraft.glass":23,"stat.pickup.minecraft.sand":12,"stat.pickup.minecraft.milk_bucket":1,"stat.pickup.minecraft.golden_axe":1,"stat.useItem.minecraft.egg":11,"stat.pickup.minecraft.anvil":1,"stat.damageTaken":1771,"stat.pickup.minecraft.feather":2,"stat.useItem.minecraft.birch_boat":1,"stat.mineBlock.minecraft.red_flower":3,"stat.dispenserInspected":15,"stat.pickup.minecraft.planks":1,"stat.pickup.minecraft.diamond_leggings":3,"stat.flyOneCm":364814,"stat.pickup.minecraft.sandstone":1,"stat.pickup.minecraft.chainmail_chestplate":6,"stat.pickup.minecraft.wheat_seeds":22,"stat.drop.minecraft.wheat_seeds":6,"stat.killEntity.Villager":2,"stat.damageDealt":2975,"stat.pickup.minecraft.redstone":1,"stat.timeSinceDeath":7462,"stat.mineBlock.minecraft.dirt":50,"stat.drop.minecraft.diamond":1,"stat.useItem.minecraft.spawn_egg":265,"stat.pickup.minecraft.chainmail_boots":6,"stat.pickup.minecraft.mutton":7,"stat.useItem.minecraft.totem_of_undying":1,"stat.walkOneCm":284342,"stat.useItem.minecraft.torch":4,"stat.useItem.minecraft.lever":1,"stat.pickup.minecraft.stick":1,"stat.drop.minecraft.diamond_chestplate":1,"stat.drop.minecraft.rotten_flesh":6,"stat.pickup.minecraft.chainmail_helmet":5,"stat.drop.minecraft.dirt":3,"stat.mineBlock.minecraft.double_plant":7,"stat.killEntity.ZombieVillager":1,"stat.useItem.minecraft.spruce_boat":1,"stat.talkedToVillager":5,"stat.drop.minecraft.spawn_egg":1,"stat.pickup.minecraft.string":6,"stat.drop.minecraft.chicken":1,"stat.pickup.minecraft.totem_of_undying":2,"stat.drop.minecraft.diamond_helmet":1,"stat.entityKilledBy.Skeleton":3,"stat.useItem.minecraft.golden_axe":3,"stat.pickup.minecraft.chicken":5,"stat.pickup.minecraft.chainmail_leggings":6,"stat.drop.minecraft.emerald":1,"stat.sprintOneCm":80527,"stat.killEntity.Skeleton":1,"stat.drop.minecraft.lever":1,"stat.killEntity.Chicken":3,"stat.useItem.minecraft.acacia_boat":1,"stat.pickup.minecraft.grass":1,"stat.pickup.minecraft.diamond_helmet":4,"stat.useItem.minecraft.wooden_button":1,"stat.useItem.minecraft.stone_pressure_plate":1,"stat.mobKills":20,"stat.pickup.minecraft.diamond_chestplate":3,"stat.pickup.minecraft.emerald":4,"stat.drop.minecraft.diamond_boots":1,"stat.pickup.minecraft.diamond_boots":3,"stat.pickup.minecraft.spawn_egg":125,"stat.useItem.minecraft.boat":1,"stat.pickup.minecraft.lever":1,"stat.deaths":7,"stat.drop":25,"stat.pickup.minecraft.diamond":1,"stat.pickup.minecraft.egg":3,"stat.playOneMinute":176020,"stat.pickup.minecraft.red_flower":4,"stat.sneakTime":2734,"stat.pickup.minecraft.wool":6,"stat.pickup.minecraft.golden_chestplate":1,"stat.killEntity.Zombie":9,"stat.mineBlock.minecraft.tallgrass":76,"stat.diveOneCm":8114,"stat.useItem.minecraft.fishing_rod":121,"stat.drop.minecraft.totem_of_undying":1}