{"stat.useItem.minecraft.string":1,"stat.beaconInteraction":1,"stat.pickup.minecraft.bone":11,"stat.pickup.minecraft.wooden_slab":2,"stat.pickup.minecraft.redstone_torch":7,"stat.horseOneCm":13085,"stat.pigOneCm":247802,"stat.leaveGame":9,"stat.pickup.minecraft.record_blocks":5,"stat.entityKilledBy.Witch":1,"stat.entityKilledBy.EvocationIllager":1,"stat.useItem.minecraft.lead":8,"stat.useItem.minecraft.diamond_sword":26,"stat.pickup.minecraft.flower_pot":1,"stat.pickup.minecraft.fishing_rod":2,"stat.swimOneCm":35735,"stat.drop.minecraft.saddle":1,"stat.climbOneCm":475,"stat.pickup.minecraft.cooked_porkchop":65,"stat.pickup.minecraft.porkchop":10,"stat.pickup.minecraft.golden_helmet":1,"stat.useItem.minecraft.stone_slab2":66,"stat.drop.minecraft.redstone_torch":3,"stat.pickup.minecraft.rotten_flesh":24,"stat.entityKilledBy.Endermite":1,"stat.pickup.minecraft.sand":73,"stat.useItem.minecraft.golden_sword":121,"stat.pickup.minecraft.pumpkin_pie":2,"stat.pickup.minecraft.name_tag":2,"stat.pickup.minecraft.cobblestone":4,"stat.pickup.minecraft.record_chirp":3,"stat.pickup.minecraft.diamond_leggings":3,"stat.flyOneCm":285815,"stat.pickup.minecraft.sandstone":9,"stat.useItem.minecraft.ender_pearl":17,"stat.pickup.minecraft.chainmail_chestplate":1,"stat.mineBlock.minecraft.sand":4,"stat.drop.minecraft.wheat_seeds":64,"stat.drop.minecraft.sand":11,"stat.useItem.minecraft.cooked_beef":8,"stat.pickup.minecraft.cactus":6,"stat.killEntity.Villager":8,"stat.pickup.minecraft.redstone":6,"stat.timeSinceDeath":39919,"stat.drop.minecraft.diamond":1,"stat.useItem.minecraft.spawn_egg":22,"stat.pickup.minecraft.mutton":7,"stat.drop.minecraft.name_tag":1,"stat.pickup.minecraft.double_plant":126,"stat.useItem.minecraft.totem_of_undying":1,"stat.pickup.minecraft.chainmail_helmet":2,"stat.pickup.minecraft.dark_oak_door":1,"stat.useItem.minecraft.cooked_porkchop":1,"stat.talkedToVillager":52,"stat.drop.minecraft.spawn_egg":2,"stat.drop.minecraft.red_flower":7,"stat.pickup.minecraft.string":10,"stat.useItem.minecraft.double_plant":2,"stat.pickup.minecraft.totem_of_undying":3,"stat.pickup.minecraft.leather_helmet":1,"stat.sprintOneCm":213,"stat.drop.minecraft.lead":3,"stat.pickup.minecraft.potion":2,"stat.useItem.minecraft.snowball":89,"stat.useItem.minecraft.flint_and_steel":14,"stat.killEntity.Husk":1,"stat.pickup.minecraft.diamond_chestplate":4,"stat.pickup.minecraft.emerald":19,"stat.pickup.minecraft.saddle":2,"stat.useItem.minecraft.dye":15,"stat.pickup.minecraft.spawn_egg":197,"stat.pickup.minecraft.lever":2,"stat.deaths":14,"stat.drop":134,"stat.pickup.minecraft.egg":1,"stat.playOneMinute":825139,"stat.pickup.minecraft.slime_ball":69,"stat.killEntity.Zombie":2,"stat.pickup.minecraft.snowball":32,"stat.drop.minecraft.glass_bottle":1,"stat.mineBlock.minecraft.tallgrass":2,"stat.diveOneCm":34846,"stat.pickup.minecraft.wheat":4,"stat.pickup.minecraft.cooked_mutton":65,"stat.pickup.minecraft.pumpkin":1,"stat.recordPlayed":2,"stat.pickup.minecraft.sign":1,"stat.pickup.minecraft.arrow":3,"stat.killEntity.EvocationIllager":2,"stat.drop.minecraft.cooked_beef":3,"stat.useItem.minecraft.glass_bottle":7,"stat.killEntity.Slime":5,"stat.drop.minecraft.ladder":2,"stat.mineBlock.minecraft.deadbush":1,"stat.pickup.minecraft.gold_nugget":2,"stat.entityKilledBy.Vex":1,"stat.useItem.minecraft.potion":9,"stat.useItem.minecraft.rotten_flesh":1,"stat.pickup.minecraft.diamond_sword":3,"stat.drop.minecraft.sandstone":9,"stat.jump":1548,"stat.useItem.minecraft.sand":27,"stat.pickup.minecraft.iron_helmet":1,"stat.fallOneCm":18382,"stat.drop.minecraft.stone":2,"stat.crouchOneCm":9812,"stat.drop.minecraft.gold_ore":1,"stat.pickup.minecraft.dirt":95,"stat.boatOneCm":285899,"stat.pickup.minecraft.cookie":11,"stat.damageTaken":5087,"stat.drop.minecraft.bone":1,"stat.mineBlock.minecraft.torch":1,"stat.pickup.minecraft.slime":6,"stat.useItem.minecraft.carrot_on_a_stick":117,"stat.pickup.minecraft.dye":86,"stat.pickup.minecraft.planks":14,"stat.pickup.minecraft.bed":1,"stat.pickup.minecraft.wheat_seeds":77,"stat.entityKilledBy.Zombie":3,"stat.pickup.minecraft.lead":4,"stat.mineBlock.minecraft.glass":2,"stat.damageDealt":4316,"stat.sleepInBed":7,"stat.pickup.minecraft.minecart":1,"stat.pickup.minecraft.chainmail_boots":1,"stat.flowerPotted":2,"stat.pickup.minecraft.flint_and_steel":1,"stat.pickup.minecraft.record_11":2,"stat.walkOneCm":671533,"stat.pickup.minecraft.golden_apple":1,"stat.drop.minecraft.porkchop":4,"stat.drop.minecraft.rotten_flesh":5,"stat.mineBlock.minecraft.double_plant":1,"stat.minecartOneCm":104013,"stat.drop.minecraft.carrot":1,"stat.pickup.minecraft.stone":2,"stat.pickup.minecraft.chicken":1,"stat.pickup.minecraft.baked_potato":126,"stat.pickup.minecraft.chainmail_leggings":1,"stat.drop.minecraft.gold_nugget":1,"stat.pickup.minecraft.sapling":127,"stat.pickup.minecraft.ender_pearl":4,"stat.drop.minecraft.wooden_slab":2,"stat.pickup.minecraft.ladder":2,"stat.pickup.minecraft.cooked_beef":151,"stat.killEntity.Skeleton":1,"stat.pickup.minecraft.beetroot":1,"stat.mineBlock.minecraft.cactus":2,"stat.pickup.minecraft.carrot_on_a_stick":1,"stat.pickup.minecraft.diamond_helmet":4,"stat.killEntity.Spider":2,"stat.mobKills":24,"stat.pickup.minecraft.diamond_boots":3,"stat.pickup.minecraft.golden_sword":2,"stat.useItem.minecraft.golden_apple":1,"stat.pickup.minecraft.diamond":11,"stat.pickup.minecraft.beetroot_seeds":3,"stat.drop.minecraft.spruce_stairs":9,"stat.pickup.minecraft.torch":2,"stat.pickup.minecraft.spruce_stairs":9,"stat.pickup.minecraft.red_flower":99,"stat.useItem.minecraft.beetroot_seeds":1,"stat.sneakTime":17162,"stat.useItem.minecraft.baked_potato":2,"stat.pickup.minecraft.cooked_fish":16,"stat.pickup.minecraft.yellow_flower":3,"stat.useItem.minecraft.record_blocks":2,"stat.useItem.minecraft.fishing_rod":32}