{"stat.useItem.minecraft.string":1,"stat.useItem.minecraft.totem_of_undying":1,"stat.walkOneCm":198624,"stat.pickup.minecraft.bone":1,"stat.pickup.minecraft.redstone_torch":4,"stat.pickup.minecraft.sign":1,"stat.leaveGame":4,"stat.pickup.minecraft.chainmail_helmet":2,"stat.pickup.minecraft.arrow":2,"stat.killEntity.EvocationIllager":2,"stat.entityKilledBy.Witch":1,"stat.entityKilledBy.EvocationIllager":1,"stat.pickup.minecraft.gold_nugget":1,"stat.entityKilledBy.Vex":1,"stat.useItem.minecraft.diamond_sword":26,"stat.talkedToVillager":1,"stat.pickup.minecraft.string":6,"stat.pickup.minecraft.diamond_sword":3,"stat.jump":566,"stat.swimOneCm":12374,"stat.pickup.minecraft.iron_helmet":1,"stat.fallOneCm":9447,"stat.climbOneCm":127,"stat.pickup.minecraft.totem_of_undying":3,"stat.drop.minecraft.carrot":1,"stat.pickup.minecraft.porkchop":6,"stat.pickup.minecraft.chicken":1,"stat.crouchOneCm":463,"stat.pickup.minecraft.chainmail_leggings":1,"stat.pickup.minecraft.leather_helmet":1,"stat.drop.minecraft.gold_nugget":1,"stat.pickup.minecraft.sapling":64,"stat.pickup.minecraft.dirt":95,"stat.pickup.minecraft.golden_helmet":1,"stat.sprintOneCm":213,"stat.useItem.minecraft.stone_slab2":22,"stat.drop.minecraft.redstone_torch":2,"stat.pickup.minecraft.rotten_flesh":14,"stat.pickup.minecraft.sand":31,"stat.useItem.minecraft.golden_sword":11,"stat.pickup.minecraft.diamond_helmet":4,"stat.pickup.minecraft.pumpkin_pie":1,"stat.damageTaken":2333,"stat.killEntity.Spider":1,"stat.pickup.minecraft.name_tag":2,"stat.mobKills":5,"stat.pickup.minecraft.diamond_chestplate":4,"stat.pickup.minecraft.emerald":1,"stat.pickup.minecraft.diamond_boots":3,"stat.pickup.minecraft.golden_sword":1,"stat.pickup.minecraft.diamond_leggings":3,"stat.pickup.minecraft.spawn_egg":195,"stat.flyOneCm":206236,"stat.pickup.minecraft.lever":2,"stat.deaths":8,"stat.pickup.minecraft.chainmail_chestplate":1,"stat.pickup.minecraft.wheat_seeds":8,"stat.drop":12,"stat.pickup.minecraft.diamond":1,"stat.playOneMinute":322473,"stat.drop.minecraft.wheat_seeds":6,"stat.entityKilledBy.Zombie":1,"stat.sneakTime":1229,"stat.damageDealt":1032,"stat.timeSinceDeath":157751,"stat.pickup.minecraft.yellow_flower":3,"stat.drop.minecraft.diamond":1,"stat.pickup.minecraft.chainmail_boots":1,"stat.mineBlock.minecraft.tallgrass":1,"stat.diveOneCm":10286,"stat.pickup.minecraft.mutton":7,"stat.drop.minecraft.name_tag":1}