{"stat.useItem.minecraft.string":1,"stat.pickup.minecraft.bone":3,"stat.pickup.minecraft.redstone_torch":4,"stat.pigOneCm":247802,"stat.leaveGame":7,"stat.entityKilledBy.Witch":1,"stat.entityKilledBy.EvocationIllager":1,"stat.useItem.minecraft.diamond_sword":26,"stat.swimOneCm":26490,"stat.drop.minecraft.saddle":1,"stat.climbOneCm":475,"stat.pickup.minecraft.porkchop":10,"stat.pickup.minecraft.golden_helmet":1,"stat.useItem.minecraft.stone_slab2":37,"stat.drop.minecraft.redstone_torch":3,"stat.pickup.minecraft.rotten_flesh":15,"stat.pickup.minecraft.sand":41,"stat.useItem.minecraft.golden_sword":120,"stat.pickup.minecraft.pumpkin_pie":1,"stat.pickup.minecraft.name_tag":2,"stat.pickup.minecraft.diamond_leggings":3,"stat.flyOneCm":249713,"stat.pickup.minecraft.chainmail_chestplate":1,"stat.drop.minecraft.wheat_seeds":64,"stat.drop.minecraft.sand":10,"stat.pickup.minecraft.cactus":3,"stat.killEntity.Villager":8,"stat.timeSinceDeath":100896,"stat.drop.minecraft.diamond":1,"stat.useItem.minecraft.spawn_egg":1,"stat.pickup.minecraft.mutton":7,"stat.drop.minecraft.name_tag":1,"stat.useItem.minecraft.totem_of_undying":1,"stat.pickup.minecraft.chainmail_helmet":2,"stat.talkedToVillager":1,"stat.drop.minecraft.spawn_egg":1,"stat.pickup.minecraft.string":10,"stat.pickup.minecraft.totem_of_undying":3,"stat.pickup.minecraft.leather_helmet":1,"stat.sprintOneCm":213,"stat.drop.minecraft.lead":3,"stat.pickup.minecraft.diamond_chestplate":4,"stat.pickup.minecraft.emerald":1,"stat.pickup.minecraft.saddle":2,"stat.useItem.minecraft.dye":2,"stat.pickup.minecraft.spawn_egg":196,"stat.pickup.minecraft.lever":2,"stat.deaths":9,"stat.drop":104,"stat.playOneMinute":509142,"stat.mineBlock.minecraft.tallgrass":1,"stat.diveOneCm":21358,"stat.pickup.minecraft.pumpkin":1,"stat.pickup.minecraft.sign":1,"stat.pickup.minecraft.arrow":2,"stat.killEntity.EvocationIllager":2,"stat.drop.minecraft.ladder":2,"stat.pickup.minecraft.gold_nugget":1,"stat.entityKilledBy.Vex":1,"stat.useItem.minecraft.rotten_flesh":1,"stat.pickup.minecraft.diamond_sword":3,"stat.jump":794,"stat.pickup.minecraft.iron_helmet":1,"stat.fallOneCm":9716,"stat.drop.minecraft.stone":2,"stat.crouchOneCm":1469,"stat.drop.minecraft.gold_ore":1,"stat.pickup.minecraft.dirt":95,"stat.boatOneCm":285899,"stat.damageTaken":2677,"stat.useItem.minecraft.carrot_on_a_stick":117,"stat.pickup.minecraft.dye":64,"stat.pickup.minecraft.wheat_seeds":72,"stat.entityKilledBy.Zombie":1,"stat.pickup.minecraft.lead":3,"stat.damageDealt":2903,"stat.pickup.minecraft.minecart":1,"stat.pickup.minecraft.chainmail_boots":1,"stat.walkOneCm":346771,"stat.drop.minecraft.porkchop":4,"stat.minecartOneCm":104013,"stat.drop.minecraft.carrot":1,"stat.pickup.minecraft.stone":2,"stat.pickup.minecraft.chicken":1,"stat.pickup.minecraft.chainmail_leggings":1,"stat.drop.minecraft.gold_nugget":1,"stat.pickup.minecraft.sapling":64,"stat.pickup.minecraft.ladder":2,"stat.pickup.minecraft.carrot_on_a_stick":1,"stat.pickup.minecraft.diamond_helmet":4,"stat.killEntity.Spider":1,"stat.mobKills":14,"stat.pickup.minecraft.diamond_boots":3,"stat.pickup.minecraft.golden_sword":2,"stat.pickup.minecraft.diamond":1,"stat.drop.minecraft.spruce_stairs":9,"stat.pickup.minecraft.torch":1,"stat.pickup.minecraft.spruce_stairs":9,"stat.pickup.minecraft.red_flower":2,"stat.sneakTime":2172,"stat.pickup.minecraft.yellow_flower":3}